﻿<parameters>
  <parameter name="IIS Web Application Name" defaultValue="CloudStaff" tags="IisApp">
    <parameterEntry kind="ProviderPath" scope="IisApp" match="^\\\\vmware-host\\Shared\ Folders\\Documents\\Polytechnic\\BITY3\\repos\\abacusbio\\ABLCloudStaff\\ABLCloudStaff\\obj\\Release\\Package\\PackageTmp$" />
    <parameterEntry kind="ProviderPath" scope="setAcl" match="^\\\\vmware-host\\Shared\ Folders\\Documents\\Polytechnic\\BITY3\\repos\\abacusbio\\ABLCloudStaff\\ABLCloudStaff\\obj\\Release\\Package\\PackageTmp$" />
  </parameter>
  <parameter name="debug-Web.config Connection String" description="debug Connection String used in web.config by the application to access the database." defaultValue="Initial Catalog = ABLCloudStaff; Data Source =.\SQLEXPRESS; Integrated Security = true; MultipleActiveResultSets = true" tags="SqlConnectionString">
    <parameterEntry kind="XmlFile" scope="\\\\vmware-host\\Shared\ Folders\\Documents\\Polytechnic\\BITY3\\repos\\abacusbio\\ABLCloudStaff\\ABLCloudStaff\\obj\\Release\\Package\\PackageTmp\\Web\.config$" match="/configuration/connectionStrings/add[@name='debug']/@connectionString" />
  </parameter>
  <parameter name="staging-Web.config Connection String" description="staging Connection String used in web.config by the application to access the database." defaultValue="Initial Catalog = ABLCloudStaff; Data Source =.\SQLEXPRESS; User ID = test; Password = P@ssw0rd; MultipleActiveResultSets = true" tags="SqlConnectionString">
    <parameterEntry kind="XmlFile" scope="\\\\vmware-host\\Shared\ Folders\\Documents\\Polytechnic\\BITY3\\repos\\abacusbio\\ABLCloudStaff\\ABLCloudStaff\\obj\\Release\\Package\\PackageTmp\\Web\.config$" match="/configuration/connectionStrings/add[@name='staging']/@connectionString" />
  </parameter>
  <parameter name="release-Web.config Connection String" description="release Connection String used in web.config by the application to access the database." defaultValue="Initial Catalog = ABLCloudStaff; Data Source =AB-DEPLOY; User ID = CloudStaffTest; Password = P@ssw0rd; MultipleActiveResultSets = true" tags="SqlConnectionString">
    <parameterEntry kind="XmlFile" scope="\\\\vmware-host\\Shared\ Folders\\Documents\\Polytechnic\\BITY3\\repos\\abacusbio\\ABLCloudStaff\\ABLCloudStaff\\obj\\Release\\Package\\PackageTmp\\Web\.config$" match="/configuration/connectionStrings/add[@name='release']/@connectionString" />
  </parameter>
</parameters>